donor_id,donor_name,donor_age,structure_id,structure_name,structure_abbreviation,expression_level
12296,H376.VI.50,0.3,10278,anterior (rostral) cingulate (medial prefrontal) cortex,MFC,6.9898
12890,H376.VI.52,0.3,10278,anterior (rostral) cingulate (medial prefrontal) cortex,MFC,6.8717
12977,H376.VII.51,0.8,10278,anterior (rostral) cingulate (medial prefrontal) cortex,MFC,6.7436
12830,H376.VIII.51,1,10278,anterior (rostral) cingulate (medial prefrontal) cortex,MFC,6.9855
12979,H376.VIII.53,2,10278,anterior (rostral) cingulate (medial prefrontal) cortex,MFC,4.4341
12980,H376.VIII.54,3,10278,anterior (rostral) cingulate (medial prefrontal) cortex,MFC,5.5915
12841,H376.IX.51,8,10278,anterior (rostral) cingulate (medial prefrontal) cortex,MFC,6.312
12981,H376.IX.52,8,10278,anterior (rostral) cingulate (medial prefrontal) cortex,MFC,6.6868
12289,H376.IX.50,11,10278,anterior (rostral) cingulate (medial prefrontal) cortex,MFC,7.2069
12831,H376.X.51,13,10278,anterior (rostral) cingulate (medial prefrontal) cortex,MFC,6.478
12984,H376.X.53,18,10278,anterior (rostral) cingulate (medial prefrontal) cortex,MFC,5.5012
12832,H376.X.52,19,10278,anterior (rostral) cingulate (medial prefrontal) cortex,MFC,7.0936
12889,H376.VI.51,0.3,10173,dorsolateral prefrontal cortex,DFC,5.7512
12890,H376.VI.52,0.3,10173,dorsolateral prefrontal cortex,DFC,6.9444
12977,H376.VII.51,0.8,10173,dorsolateral prefrontal cortex,DFC,7.2767
12830,H376.VIII.51,1,10173,dorsolateral prefrontal cortex,DFC,6.8971
12979,H376.VIII.53,2,10173,dorsolateral prefrontal cortex,DFC,4.9355
12980,H376.VIII.54,3,10173,dorsolateral prefrontal cortex,DFC,5.2605
12298,H376.VIII.50,4,10173,dorsolateral prefrontal cortex,DFC,5.8104
12841,H376.IX.51,8,10173,dorsolateral prefrontal cortex,DFC,6.5067
12981,H376.IX.52,8,10173,dorsolateral prefrontal cortex,DFC,7.1693
12289,H376.IX.50,11,10173,dorsolateral prefrontal cortex,DFC,7.2946
12831,H376.X.51,13,10173,dorsolateral prefrontal cortex,DFC,6.6587
12984,H376.X.53,18,10173,dorsolateral prefrontal cortex,DFC,6.4937
12832,H376.X.52,19,10173,dorsolateral prefrontal cortex,DFC,6.8462
12889,H376.VI.51,0.3,10185,ventrolateral prefrontal cortex,VFC,5.7616
12890,H376.VI.52,0.3,10185,ventrolateral prefrontal cortex,VFC,7.0206
12830,H376.VIII.51,1,10185,ventrolateral prefrontal cortex,VFC,7.1018
12979,H376.VIII.53,2,10185,ventrolateral prefrontal cortex,VFC,4.9834
12836,H376.VIII.52,3,10185,ventrolateral prefrontal cortex,VFC,6.3553
12980,H376.VIII.54,3,10185,ventrolateral prefrontal cortex,VFC,5.59
12298,H376.VIII.50,4,10185,ventrolateral prefrontal cortex,VFC,6.6067
12841,H376.IX.51,8,10185,ventrolateral prefrontal cortex,VFC,6.2009
12981,H376.IX.52,8,10185,ventrolateral prefrontal cortex,VFC,7.3848
12289,H376.IX.50,11,10185,ventrolateral prefrontal cortex,VFC,7.2299
12831,H376.X.51,13,10185,ventrolateral prefrontal cortex,VFC,6.7382
12984,H376.X.53,18,10185,ventrolateral prefrontal cortex,VFC,6.097
12832,H376.X.52,19,10185,ventrolateral prefrontal cortex,VFC,6.7749
